{
    "event_guid_overrides":
    [
        {"event_id": "event:/char/ally/crusader_smite",                   "guid_override":"{655cec79-c502-47a9-b9a4-c4b13cfc2067}"},
        {"event_id": "event:/char/ally/crusader_smite_miss",              "guid_override":"{f4b92e4f-f14f-43bc-a4b7-a13a6c2ad00f}"},
        {"event_id": "event:/char/ally/crusader_zealous_accusation",      "guid_override":"{9a905ae8-1297-4ceb-8e51-e0db47ab5bd3}"},
        {"event_id": "event:/char/ally/crusader_zealous_accusation_miss", "guid_override":"{23d6dcf7-4a76-4789-8225-c1825662790c}"},
        {"event_id": "event:/char/ally/crusader_stunning_blow",           "guid_override":"{6bc4889e-4fac-4b86-a8ec-88987ac8f6e7}"},
        {"event_id": "event:/char/ally/crusader_stunning_blow_miss",      "guid_override":"{27f46882-e576-4df5-b10f-cef5ed604f5d}"},
        {"event_id": "event:/char/ally/crusader_bulwark_of_faith",        "guid_override":"{0f6cbcd2-8dd1-4654-8c9e-b03dc734a3bd}"},
        {"event_id": "event:/char/ally/crusader_bulwark_of_faith_miss",   "guid_override":"{9fbc343a-8f78-4e86-a3b9-80764328ec1a}"},
        {"event_id": "event:/char/ally/crusader_battle_heal",             "guid_override":"{e7080f7a-42aa-4460-8650-9b0d6bccd391}"},
        {"event_id": "event:/char/ally/crusader_battle_heal_miss",        "guid_override":"{04fd1a0e-30e1-408f-b9ae-80bd20e52895}"},
        {"event_id": "event:/char/ally/crusader_holy_lance",              "guid_override":"{05cd56a1-3d3c-4fb5-af42-cb27276d7d28}"},
        {"event_id": "event:/char/ally/crusader_holy_lance_miss",         "guid_override":"{c38ca982-eff4-4c79-8142-6d4029bd88fa}"}
    ]
}